Name,House,Card_Image,Card_Image
1-2 Punch,Brobnar,particle-sweep.png,12-punch.png
Anger,Brobnar,12-punch.png,anger.png
Ancient Battleground,Brobnar,ragnarok-prep.png,ancient-battleground.png
Alaka,Brobnar,questor-jarta.png,alaka.png
Alaka’s Brew,Brobnar,colonel-mariana.png,alakas-brew.png
Autocannon,Brobnar,oneeyed-willa--evil-twin.png,autocannon.png
Bingle Bangbang,Brobnar,sandhopper.png,bingle-bangbang.png
Ballcano,Brobnar,shÄ­zyokÅ­-buggy.png,ballcano.png
Brammo,Brobnar,jammer-pack.png,brammo.png
Barn Razing,Brobnar,its-coming.png,barn-razing.png
Brothers in Battle,Brobnar,spartasaur.png,brothers-in-battle.png
Coward’s End,Brobnar,shÄ­zyokÅ­-swopper.png,cowards-end.png
Berserker Slam,Brobnar,freelancer.png,berserker-slam.png
Cowfyne,Brobnar,ritual-of-the-hunt.png,cowfyne.png
Drummernaut,Brobnar,endless-hordes.png,
Endless Hordes,Brobnar,special-agent-fingers.png,
First Blood,Brobnar,molinas-blaster.png,
Follow the Leader,Brobnar,general-order-24.png,
Foozle,Brobnar,rebel.png,
Frost Giant,Brobnar,gamgee.png,
Groke,Brobnar,heal-or-harm.png,
Ganger Chieftain,Brobnar,5c077.png,
Gron Nine-Toes,Brobnar,5c077.png,
Hallafest,Brobnar,token-of-appreciation.png,
Loot the Bodies,Brobnar,soft-landing.png,
Gauntlet of Command,Brobnar,hideaway-hole.png,
Irestaff,Brobnar,harmal-atoon.png,
Groggins,Brobnar,manchego.png,
Harmal Atoon,Brobnar,scrambler-storm.png,
Mogghunter,Brobnar,general-order-24.png,
Punch,Brobnar,mollymawk.png,
Narp,Brobnar,legions-march.png,
Into the Fray,Brobnar,5c077--evil-twin.png,
Kretchee,Brobnar,stronger-together.png,
Shorty,Brobnar,mega-mogghunter.png,
Lollop the Titanic,Brobnar,colonist-chapman--evil-twin.png,
Stilt-Kin,Brobnar,5c077--evil-twin.png,
Pound,Brobnar,imperial-road.png,
Tremor,Brobnar,bring-low.png,
Warriors’ Refrain,Brobnar,enlist-numeri.png,
Nirbor Flamewing,Brobnar,lycofiend.png,
Blood Money,Brobnar,charge.png,
Unguarded Camp,Brobnar,flash-freeze.png,
Warsong,Brobnar,crystal-hive.png,
Flamethrower,Brobnar,mutation-of-fury.png,
Revna Starsong,Brobnar,entropic-swirl.png,
Blood of Titans,Brobnar,double-doom.png,
Burn the Stockpile,Brobnar,niffle-paw.png,
Flamewake Shaman,Brobnar,hunting-witch.png,
Banner of Battle,Brobnar,captain-kresage.png,
The Floor is Lava,Brobnar,monty-bank--evil-twin.png,
Culf the Quiet,Brobnar,mutation-of-instinct.png,
Fyre-Breath,Brobnar,drummernaut.png,
Cannon,Brobnar,dinoalien.png,
Gargantes Scrapper,Brobnar,lethologica.png,
Brawl In,Brobnar,sariel-the-steadfast.png,
Gravelguts,Brobnar,relentless-creeper.png,
Broken Axe Outpost,Brobnar,tomwa-of-the-glow--evil-twin.png,
Little Rapscal,Brobnar,jarl-svend.png,
Grump Buggy,Brobnar,daughter.png,
Mighty Javelin,Brobnar,dry-the-river.png,
Crim Torchtooth,Brobnar,dÃ¦mothief.png,
Ogopogo,Brobnar,mind-over-matter.png,
Overrun,Brobnar,ensign-elsamra.png,
Feats of Strength,Brobnar,a-fair-game.png,
Power of Fire,Brobnar,healing-blast.png,
Relentless Assault,Brobnar,crystal-surge.png,
Ragwarg,Brobnar,reckless-experimentation.png,
Screechbomb,Brobnar,martyrs-end.png,
Shattered Throne,Brobnar,soleft.png,
Ged Hammer,Brobnar,senator-bracchus.png,
Smith,Brobnar,fandangle.png,
Hebe the Huge,Brobnar,exterminate-exterminate.png,
Sköll,Brobnar,director-of-zyx.png,
Valdr,Brobnar,pax-sauriana.png,
Sound the Horns,Brobnar,ruins-of-archonis.png,
Bumpsy,Brobnar,honor-or-glory.png,
Slimy Jark,Brobnar,patronage.png,
Earthshaker,Brobnar,imperial-scutum.png,
The Flex,Brobnar,abandon-ship.png,
The Warchest,Brobnar,myliobe.png,
Firespitter,Brobnar,captain-nobeard--evil-twin.png,
Barehanded,Brobnar,aquilia-lone-hero.png,
The Grand Gord,Brobnar,backup-plan.png,
Bellowing Patrizate,Brobnar,absolve.png,
Grenade Snib,Brobnar,keyfrog.png,
Vow of Blood,Brobnar,high-priest-torvus.png,
Bilgum Avalanche,Brobnar,inky-gloom.png,
Headhunter,Brobnar,fetchdrones.png,
Cybergiant Rig,Brobnar,general-sherman.png,
Champion’s Challenge,Brobnar,ixxyxli-fixfinger.png,
Forgemaster Og,Brobnar,the-visible-hand.png,
Vulka,Brobnar,strange-gizmo.png,
Grumpus Tamer,Brobnar,crewman-jrg.png,
Kelifi Dragon,Brobnar,special-agent-fingers.png,
Brikk Nastee,Brobnar,liam-say.png,
Guji Dinosaur Hunter,Brobnar,nepenthe-seed.png,
Igon the Green,Brobnar,dead-mans-chest.png,
Krump,Brobnar,badge-of-unity.png,
Iron Obelisk,Brobnar,imperial-traitor.png,
Crogg the Clumsy,Brobnar,blossom-drake.png,
Lomir Flamefist,Brobnar,academy-training.png,
Kaloch Stonefather,Brobnar,lycoknight.png,
King of the Crag,Brobnar,little-niff.png,
Looter Goblin,Brobnar,master-of-1.png,
Fresh Marks,Brobnar,furtive-investors.png,
Lava Ball,Brobnar,stunner.png,
Might Makes Right,Brobnar,dthoshrÄƒ-recruiter.png,
Jarl Svend,Brobnar,bait-and-switch.png,
Pingle Who Annoys,Brobnar,dr-escotera.png,
Might Club,Brobnar,dinobeast.png,
Mugwump,Brobnar,envoy-of-ekwirr.png,
Nogi Smartfist,Brobnar,chans-blaster.png,binding-irons.png
Old Boomy,Brobnar,a-vinda.png,
Pelf,Brobnar,harbinger-of-doom.png,
Rogue Ogre,Brobnar,regrowth.png,
Phoenix Heart,Brobnar,rocketeer-tryska.png,
Pile of Skulls,Brobnar,mega-shorty.png,
Smaaash,Brobnar,nurse-soto.png,
Press Gang,Brobnar,john-smyth.png,
Ragnarok,Brobnar,angwish.png,
Rock-Hurling Giant,Brobnar,ant110ny.png,
Ragnarok Prep,Brobnar,code-monkey.png,
Shard of Strength,Brobnar,gizelharts-standard.png,
Troll,Brobnar,future-booster.png,
Rant and Rive,Brobnar,tezmal.png,
Signal Fire,Brobnar,groundbreaking-discovery.png,
Wardrummer,Brobnar,orbital-bombardment.png,
"Take that, Smartypants",Brobnar,tentacus.png,
The Big One,Brobnar,panpaca-jaga.png,
Rowdy Skald,Brobnar,brachiaditus.png,
Shock Herder,Brobnar,nurse-soto.png,
Tireless Crocag,Brobnar,infighting.png,
Stratosmack,Brobnar,ragnarok.png,
War Grumpus,Brobnar,johnny-longfingers.png,
Yo Mama Mastery,Brobnar,future-booster.png,
Igon the Terrible,Brobnar,collector-worm.png,
Berserker,Brobnar,colonist-chapman--evil-twin.png,berserker.png
Mega Alaka,Brobnar,particle-sweep.png,
Warrior,Brobnar,e'e-on-the-fringes.png,
Mega Cowfyne,Brobnar,extinction.png,mega-cowfyne.png
Skirmisher,Brobnar,brackish-shoreline.png,
Mega Ganger Chieftain,Brobnar,longusaur-lector.png,
Grumpus,Brobnar,look-over-there.png,
Mega Groke,Brobnar,sink-or-swim.png,
Mega Gron Nine-Toes,Brobnar,skixuno.png,
Mega Mogghunter,Brobnar,eye-of-judgment.png,
Mega Narp,Brobnar,grumpus-tamer.png,
Mega Shorty,Brobnar,gargantodon.png,
Chieftain’s Brew,Brobnar,submersive-principle.png,
Cowfyne’s Brew,Brobnar,abond-the-armorsmith.png,cowfynes-brew.png
Groke’s Brew,Brobnar,aristotlmimus.png,
Gron’s Brew,Brobnar,brobnar-ambassador.png,
Mogghunter’s Brew,Brobnar,onyx-knight.png,
Narp’s Brew,Brobnar,nyyon-outpost.png,
Shorty’s Brew,Brobnar,stunner.png,
The Grim Reaper,,baron-mengevin.png,
Bonesaw,Dis,hire-on.png,
Brabble,Dis,kiligogs-trench.png,
Dark Minion,Dis,pocket-universe.png,
Dominator Bauble,Dis,armadrone--evil-twin.png,
Drecker,Dis,chaos-portal.png,
Gateway to Dis,Dis,abyssal-sight.png,
Imp-losion,Dis,mass-abduction.png,
Mark of Dis,Dis,sir-bevor--evil-twin.png,
Mindfire,Dis,honorable-claim.png,
Sinder,Dis,professor-terato.png,
Snarette,Dis,kretchee.png,
Stirring Grave,Dis,stircrazy.png,
Techno-Fiend,Dis,axiom-of-grisk.png,
Waking Nightmare,Dis,ant110ny.png,
Angwish,Dis,hyde.png,
Break-key,Dis,lycosaurus.png,
Double Doom,Dis,chant-of-hubris.png,
Essence Scale,Dis,relentless-whispers.png,
Grim Reminder,Dis,quicksand.png,
Hystricog,Dis,flounderight.png,
Pain Reaction,Dis,rowdy-skald.png,
Picaroon,Dis,reckless-rizzo.png,
Relentless Creeper,Dis,quintrino-flux.png,
Snudge,Dis,sci-officer-qincan.png,
Soulkeeper,Dis,recorded-history.png,
Wail of the Damned,Dis,seismoentangler.png,
Dance of Doom,Dis,skybooster-squadron.png,
Etan's Jar,Dis,infomorph.png,
Gabos Longarms,Dis,rustgnawer.png,
Guilty Hearts,Dis,technoalien.png,
Maleficorn,Dis,ardent-hero.png,
Orb of Invidius,Dis,dis-ambassador.png,
Painmail,Dis,dinobot.png,
Ritual of Tognath,Dis,niffle-queen.png,
Screaming Cave,Dis,neutron-shark.png,
Shadow of Dis,Dis,sci-officer-morpheus.png,
Skixuno,Dis,prof-garwynne.png,
The Pale Star,Dis,mantle-of-the-zealot.png,
Truebaru,Dis,general-xalvador.png,
Turnkey,Dis,song-of-spring.png,
Wretched Doll,Dis,subtle-maul.png,
Desire,Dis,edai-edie-4x4.png,
Æmber Imp,Dis,ragwarg.png,
Arise!,Dis,j-vinda.png,
Banish,Dis,ol-paddy.png,
Dexus,Dis,mark-of-dis.png,
Control the Weak,Dis,little-rapscal.png,
Dino-Fiend,Dis,mega-narp.png,
Charette,Dis,tachyon-pulse.png,
Envy,Dis,oubliette.png,
Cull the Weak,Dis,jargogle.png,
Gluttony,Dis,hydrocataloguer.png,
Fear,Dis,kymoor-eclipse.png,
Dust Imp,Dis,ballistego.png,
Greed,Dis,myx-the-tallminded.png,
Lyco-Fiend,Dis,master-of-2.png,
Gub,Dis,selwyn-the-fence.png,
Pride,Dis,first-officer-frane.png,
Lash of Broken Dreams,Dis,musthic-murmook.png,
Sacro-Fiend,Dis,carlo-phantom.png,
Hand of Dis,Dis,heart-of-the-forest.png,
Sloth,Dis,longfused-mines.png,
Umbra-Fiend,Dis,total-recall.png,
Tendrils of Pain,Dis,techivore-pulpate.png,
Shooler,Dis,tendrils-of-pain.png,
Wrath,Dis,remote-access.png,
Streke,Dis,borr-nit.png,
Xeno-Fiend,Dis,the-archivist.png,
Key Hammer,Dis,stomp.png,
Tezmal,Dis,dis-plant.png,
Mind Barb,Dis,edict-of-nerotaurus.png,
Unlocked Gateway,Dis,grovekeeper.png,
Yurk,Dis,mindfire.png,
Binding Irons,Dis,master-the-theory.png,
Buzzle,Dis,mindwarper.png,
Bronze Key Imp,Dis,lycothief.png,
Dendrix,Dis,honors-keysis.png,
Draining Touch,Dis,jon-cargo.png,
Annihilation Ritual ,Dis,khrkhars-blaster.png,
Gold Key Imp,Dis,replicator.png,
Gongoozle,Dis,gaspipes-malone.png,
Etaromme,Dis,decadence.png,
Exhume,Dis,fof-transponder.png,
Hysteria,Dis,com-officer-hings.png,
Festering Touch,Dis,sabotage-mission.png,
Library of the Damned,Dis,genetic-blast.png,
Lifeward,Dis,jehu-the-bureaucrat.png,
Harbinger of Doom,Dis,reclaimed-by-nature.png,
Impspector,Dis,quintrino-flux.png,
Old Yurk,Dis,quixxle-stone.png,
Sacrificial Altar,Dis,redlock.png,
Infurnace,Dis,request-donations.png,
Pandemonium,Dis,gravid-cycle.png,
Lilithal,Dis,hymn-to-duma.png,
Poltergeist,Dis,rockhurling-giant.png,
Malison,Dis,screaming-cave.png,
Misery Exploit,Dis,lady-maxena.png,
Silver Key Imp,Dis,grey-augur--evil-twin.png,
Not Finished with You,Dis,thalassophobia.png,
Drumble,Dis,culf-the-quiet.png,
Rotgrub,Dis,monument-to-faust.png,
The Evil Eye,Dis,market-crash.png,
Bloodshard Imp,Dis,greed.png,
Ember Imp,Dis,captain-val-jericho.png,
Tentacus,Dis,stampede.png,
Three Fates,Dis,cull-the-weak.png,
Borr Nit,Dis,marmo-swarm.png,
A Fair Game,Dis,shieldulater--evil-twin.png,
Borr Nit’s Touch,Dis,special-delivery.png,
Ancient Yurk,Dis,abyssal-zealot.png,
E’e on the Fringes,Dis,access-denied.png,
Guardian Demon,Dis,borr-nits-touch.png,
Giants’ Bane,Dis,raider.png,
Master of 1,Dis,look-what-i-found.png,
Collar of Subordination,Dis,fish.png,
Creeping Oblivion,Dis,the-big-one.png,
Gleeful Mayhem,Dis,the-first-scroll.png,
Master of 2,Dis,com-officer-hings.png,
Eater of the Dead,Dis,ronnie-wristclocks.png,
Master of 3,Dis,armory-officer-nel.png,
Pit Demon,Dis,battlefield-evangelist.png,
Obsidian Forge,Dis,theory-or-conjecture.png,
Shaffles,Dis,mars-ambassador.png,
Skullion,Dis,specialist-guthrak.png,
Snag,Dis,grey-monk.png,
Soul Fiddle,Dis,mindworm.png,
Stealer of Souls,Dis,archons-callback.png,
Overlord Greking,Dis,carpet-phloxem.png,
Spyyyder,Dis,sporegorger.png,
Succubus,Dis,relentless-assault.png,
Pitlord,Dis,shieldulater--evil-twin.png,
Red-Hot Armor,Dis,memrox-the-red.png,
The Terror,Dis,subject-kirby.png,
Restringuntus,Dis,dinoalien.png,
Tocsin,Dis,mating-season.png,
Shard of Pain,Dis,cultist.png,
Soul Snatcher,Dis,grumpus.png,
Greater Oxtet,Dis,prospector.png,
Harvest Time,Dis,fangs-of-gizelhart.png,
Tolas,Dis,ensign-elsamra.png,
Flame-Wreathed,Dis,ballcano.png,
Hecatomb,Dis,raiding-knight.png,
Key to Dis,Dis,bumblebird.png,
Lesser Oxtet,Dis,mercy-malkin-queen.png,
Lord Invidius,Dis,shatter-storm.png,
Neffru,Dis,talent-scout.png,
Noname,Dis,the-callipygian-ideal.png,
Onyx Knight,Dis,brain-drain.png,
Ortannu the Chained,Dis,the-vaultkeeper.png,
Sinestra,Dis,orphion-lands-chosen.png,
Snag’s Mirror,Dis,lion-bautrem.png,
Snaglet,Dis,dr-milli.png,
Ortannu’s Binding,Dis,fathom-reaver.png,
Beasts’ Bane,Dis,nightforge.png,
Demons’ Bane,Dis,mars-first.png,
Dinosaurs’ Bane,Dis,shieldulater.png,
Humans’ Bane,Dis,generous-offer.png,
Scientists’ Bane,Dis,tourist-trap.png,
Thieves’ Bane,Dis,sucker-punch.png,
Æmbitrage,Ekwidon,killzord-mk-9001.png,
Antiquities Dealer,Ekwidon,mbervac.png,
Avid Collecting,Ekwidon,psionic-officer-lang.png,
Conductor J?rroy?,Ekwidon,crewman-jrg.png,
Corner the Market,Ekwidon,chaosodon.png,
Cursed Relic,Ekwidon,cannon.png,
Envoy of Ekwirr?,Ekwidon,green-aeronaut.png,
Flea Market,Ekwidon,grunt-work.png,
Freelancer,Ekwidon,saurus-rex.png,
Insurance Policy,Ekwidon,mug.png,
Molluscaller,Ekwidon,subdue.png,
Staff Up,Ekwidon,final-analysis.png,
Talent Scout,Ekwidon,captain-nobeard.png,
The Æmber Road,Ekwidon,standardized-testing.png,
Token of Appreciation,Ekwidon,mab-the-mad.png,
Tourist Trap,Ekwidon,earthbind.png,
Transitory Philosopher,Ekwidon,effervescent-principle.png,
Exchange Program,Ekwidon,sgs-illuminator.png,
Exo-shell System,Ekwidon,toxicuda-venom.png,
G?zdruty? the Arcane,Ekwidon,exchange-program.png,
Gezr?hi Blacksmith,Ekwidon,captain-val-jericho.png,
Ikwij? Outpost,Ekwidon,inspiration.png,
Market Crash,Ekwidon,prof-emeritus-kering.png,
Niffle Paw,Ekwidon,crim-torchtooth.png,
Outnegotiate,Ekwidon,loot-or-pillage.png,
Pull Up Stakes,Ekwidon,dharna.png,
Puzzling Trinket,Ekwidon,renewed-life.png,
Sandhopper,Ekwidon,eyegor.png,
Scrapscrounger,Ekwidon,king-of-the-crag.png,
Sh?zyok? Swopper,Ekwidon,poke.png,
Trade Secrets,Ekwidon,khrkhars-blaster.png,
"Tya-Arh?, Esquire",Ekwidon,follow-the-leader.png,
Uncommon Currency,Ekwidon,sci-officer-qincan.png,
Auction Off,Ekwidon,shard-of-strength.png,
Belligerent Guard,Ekwidon,first-blood.png,
Closed-Door Negotiation,Ekwidon,rakuzels-chant.png,
"Dthoshr?, Recruiter",Ekwidon,purifier-of-souls.png,
Forced Retirement,Ekwidon,brain-eater.png,
Gemcoat Vendor,Ekwidon,physicus-felix--evil-twin.png,
General Z?-Orh?,Ekwidon,kirbys-blaster.png,
Generous Offer,Ekwidon,brobnar-plant.png,
Hire On,Ekwidon,first-or-last.png,
Mass Buyout,Ekwidon,font-of-the-eye.png,
Ornate Talking Tray,Ekwidon,diplomacy.png,
Shopping Spree,Ekwidon,membership-drive.png,
Shrewd Investor,Ekwidon,song-of-the-wild.png,
Steward Su-Uzyan?,Ekwidon,charette.png,
The Old Tinker,Ekwidon,shard-of-pain.png,
The Visible Hand,Ekwidon,might-club.png,
Trading Frenzy,Ekwidon,brain-stem-antenna.png,
Sh?gzis? Buggy,Ekwidon,the-colosseum.png,
Sh?snyas? Buggy,Ekwidon,cloaking-dongle.png,
Sh?zyok? Buggy,Ekwidon,access-denied.png,
Strange Shell,Ekwidon,heavy-subsidies.png,
Diplomat,Ekwidon,deep-priest-glebe.png,
Trader,Ekwidon,library-card.png,
Prospector,Ekwidon,peace-accord.png,
Infomancer,,plasma-nozzle.png,
Curse of Forgetfulness,,star-alliance-plant.png,
Armadrone – Evil Twin,Logos,causal-loop.png,
Binary Moray – Evil Twin,Logos,submersible.png,
Captain Kresage – Evil Twin,Logos,flamegill-enforcer.png,
Old Egad – Evil Twin,Logos,rotgrub.png,
PI Sweven – Evil Twin,Logos,tactical-officer-moon.png,
Prof. Garwynne – Evil Twin,Logos,early-birds.png,
Talmage Steelheart – Evil Twin,Logos,hypnobeam.png,
Dr. Verokter,Logos,matter-maker.png,
Rooftop Laboratory,Logos,ornate-talking-tray.png,
Reckless Experimentation,Logos,duma-the-martyr.png,
Groundbreaking Discovery,Logos,gezrÄƒhi-blacksmith.png,
Backup Plan,Logos,nirbor-flamewing.png,
Captain Kresage,Logos,the-warchest.png,
Chronophage,Logos,b0t.png,
Honors Keysis,Logos,no-safety-in-numbers.png,
Library Card,Logos,combat-pheromones.png,
Master the Theory,Logos,sibyl-waimare.png,
Mind Over Matter,Logos,science.png,
Mobius Scroll,Logos,loot-the-bodies.png,
Ruins of Archonis,Logos,livia-the-elder.png,
SLRS Austeralis,Logos,earthshaker.png,
The Archivist,Logos,shaffles.png,
The Howling Pit,Logos,monument-to-primus.png,
Tide Warp,Logos,easy-marks.png,
Universal Keylock,Logos,shieldulater.png,
Vespilon Theorist,Logos,the-Ã†mber-road.png,
Archon's Callback,Logos,mookling--evil-twin.png,
Binary Moray,Logos,collar-of-subordination.png,
Data Forge,Logos,rampaging-brutodon.png,
Eureka!,Logos,adaptoid.png,
Forgive or Forget,Logos,looter-goblin.png,
Isotropic Core,Logos,sea-urchin.png,
Mechabuoy,Logos,grunt.png,
Mind Bullets,Logos,entropic-manipulator.png,
Novu Archaeologist,Logos,cultural-exchange.png,
Positron Bolt,Logos,carpe-vinum.png,
Prof. Garwynne,Logos,mÃ¦lstrom.png,
Think Twice,Logos,library-of-polliasaurus.png,
Armadrone,Logos,imperium.png,
Austeralis Seaborg,Logos,broken-axe-outpost.png,
Bilgewarden,Logos,bumpsy.png,
EDAI “Edie” 4x4,Logos,chelonia.png,
Final Analysis,Logos,grump-buggy.png,
Hydrocataloguer,Logos,thero-centurion.png,
Infomorph,Logos,dr-verokter.png,
Information Exchange,Logos,plunder.png,
Old Egad,Logos,eater-of-the-dead.png,
Phase Shift,Logos,securidroid.png,
PI Sweven,Logos,cxo-taber.png,
Science!,Logos,chenille.png,
Static Charge,Logos,memory-chip.png,
Submersive Principle,Logos,cyberclone.png,
Talmage Steelheart,Logos,franes-blaster.png,
Theory or Conjecture,Logos,retribution.png,
Auto-Encoder,Logos,random-access-archives.png,
Bot Bookton,Logos,selective-preservation.png,
Dæmo-Bot,Logos,grenade-snib.png,
Diametric Charge,Logos,guardian-demon.png,
Eclectic Inquiry,Logos,skeleton-key.png,
Effervescent Principle,Logos,information-exchange.png,
Even Ivan,Logos,fear.png,
Lethologica,Logos,colonist-chapman.png,
Munchling,Logos,sacrobot.png,
Opposition Research,Logos,talmage-steelheart--evil-twin.png,
Q-Mechs,Logos,static-charge.png,
Standardized Testing,Logos,hypnotic-command.png,
Titan Engineer,Logos,technobeast.png,
Causal Loop,Logos,specialist-guthrak.png,
Chronus,Logos,mars-needs-mber.png,
Dimension Door,Logos,mini-groupthink-tank.png,
Fission Bloom,Logos,protect-the-weak.png,
Forge Compiler,Logos,cauldron-boil.png,
Krrrzzzaaap!!!,Logos,assert-dominance.png,
Mutagenic Serum,Logos,grimlocus-dux.png,
Neuro Syphon,Logos,thieves-bane.png,
Novu Dynamo,Logos,chief-engineer-walls.png,
Professor Terato,Logos,fresh-marks.png,
Adaptoid,Logos,overlord-greking.png,
Animator,Logos,terms-of-redress.png,
Auto-Vac 5150,Logos,fanghouse.png,
Cyber-Clone,Logos,dusk-chronicles.png,
Entropic Swirl,Logos,nocturnal-maneuver.png,
Archimedes,Logos,noddy-the-thief.png,
Binate Rupture,Logos,backup-copy.png,
Foggify,Logos,adult-swim.png,
Reverse Time,Logos,reverse-time.png,
Helper Bot,Logos,hit-and-run.png,
Skippy Timehog,Logos,squawker.png,
Hexpion,Logos,effigy-of-melerukh.png,
Labwork,Logos,cpo-zytar.png,
Library Access,Logos,sleep-with-the-fishes.png,
Library of Babble,Logos,shakedown-sullivan.png,
Pip Pip,Logos,annihilation-ritual-.png,
Zenzizenzizenzic,Logos,antiquities-dealer.png,
It’s Coming...,Logos | Saurian | Untamed,shifting-battlefield.png,
Poke,Logos,storm-crawler.png,
Professor Sutterkin,Logos,cultural-exchange.png,
Random Access Archives,Logos,trade-secrets.png,
Dino-Bot,Logos,spyyyder.png,
Lyco-Bot,Logos,storm-surge.png,
Titan Librarian,Logos,envy.png,
Odd Clawde,Logos,aedile-tullia.png,
Titan Mechanic,Logos,hypoxia.png,
Scrambler Storm,Logos,agent-hooman.png,
Wild Wormhole,Logos,recorded-history.png,
Sacro-Bot,Logos,deep-probe.png,
Umbra-Bot,Logos,eldest-bear.png,
Z.Y.X. Researcher,Logos,banish.png,
Xeno-Bot,Logos,ransack.png,
Backup Copy,Logos,draco-praeco.png,
Bouncing Deathquark,Logos,mirror-shell.png,
Ultra Gravitron,Logos,old-boomy.png,
Brain Eater,Logos,lapisaurus--evil-twin.png,
Director of Z.Y.X.,Logos,senator-shrix.png,
Babbling Bibliophile,Logos,implosion.png,
Fila the Researcher,Logos,nyzyk-resonator.png,
Cutthroat Research,Logos,new-frontiers.png,
Interdimensional Graft,Logos,cup-of-water.png,
Daughter,Logos,begone.png,
Jargogle,Logos,scientifical-hack.png,
Spangler Box,Logos,instrument-of-silence.png,
Spectral Tunneler,Logos,sloppy-labwork.png,
Eyegor,Logos,agent-sepdia.png,
Remote Access,Logos,sic-semper-tyrannosaurus.png,
Hapsis,Logos,static-collection-array.png,
Hologrammophone,Logos,perilous-wild.png,
Research Smoko,Logos,scoop-up.png,
Batdrone,Logos,subtle-chain.png,
Rocket Boots,Logos,archons-revenge.png,
Quant,Logos,burn-the-stockpile.png,
Sloppy Labwork,Logos,scout-chief-korijir.png,
Dextre,Logos,medic-ingram.png,
Sanitation Engineer,Logos,peace-accord.png,
Tautau Vapors,Logos,pestergrove.png,
[REDACTED],Logos,airlock.png,
Doc Bookton,Logos,flamethrower.png,
Thorium Plasmate,Logos,sacrofiend.png,
Chaos Portal,Logos,seneschal-sargassa--evil-twin.png,
Dr. Escotera,Logos,arise.png,
Crazy Killing Machine,Logos,miasma-bomb.png,
Titan Guardian,Logos,old-bruno.png,
Twin Bolt Emission,Logos,knightapult.png,
Dysania,Logos,braindart.png,
Ganymede Archivist,Logos,all-tide-up.png,
Quixo the “Adventurer”,Logos,thorium-plasmate.png,
Wormhole Technician,Logos,autolegionary.png,
Anomaly Exploiter,Logos,deepwater-gruen.png,
Harland Mindlock,Logos,ransom.png,
Mother,Logos,shock-herder.png,
Help from Future Self,Logos,hookmaster.png,
C.Æ.N.D.L.E. Unit,Logos,deepwood-druid.png,
Knowledge is Power,Logos,defender.png,
Code Monkey,Logos,gatekeeper.png,
Neutron Shark,Logos,three-fates.png,
Psychic Bug,Logos,cÃ†ndle-unit.png,
Discombobulator,Logos,neuro-syphon.png,
Dr. Milli,Logos,survey.png,
"Ozmo, Martianologist",Logos,persistence-hunting.png,
Pocket Universe,Logos,the-howling-pit.png,
Groupthink Tank,Logos,subtle-otto.png,
Project Z.Y.X.,Logos,com-officer-gross.png,
Replicator,Logos,slrs-austeralis.png,
Memory Chip,Logos,shakedown-sullivan.png,
Shard of Knowledge,Logos,skirmisher.png,
Mini Groupthink Tank,Logos,information-officer-gray.png,
Strange Gizmo,Logos,imprinted-murmook.png,
Veylan Analyst,Logos,hysteria.png,
Quantum Fingertrap,Logos,macis-asp.png,
The Curator,Logos,com-officer-kirby.png,
Experimental Therapy,Logos,static-collection-array.png,
Reassembling Automaton,Logos,teamwork.png,
Timetraveller,Logos,kangaphant.png,
Transposition Sandals,Logos,catch-and-release.png,
Seismo-entangler,Logos,gateway-to-dis.png,
Academy Training,Logos,ghostly-hand.png,
Fetchdrones,Logos,charybdis.png,
Hyde,Logos,kaloch-stonefather.png,
Mimic Gel,Logos,chelonia--evil-twin.png,
Prescriptive Grammarbot,Logos,lord-golgotha.png,
Scientifical Hack,Logos,knoxx.png,
Self-Bolstering Automata,Logos,grunt-work.png,
Universal Recycle Bin,Logos,narp.png,
Velum,Logos,replay-pod.png,
Big Magnet,Mars,hoplites-dory.png,
Blorb Hive,Mars,strange-ordination.png,
Borka Rikk,Mars,arm-the-plebeians.png,
Grondal,Mars,the-mysticeti.png,
Martian Revolution,Mars,cowards-end.png,
Nautilixian,Mars,ceaseforge.png,
R-Evolution,Mars,gizelharts-zealot.png,
Replay Pod,Mars,badge-of-unity.png,
Revo Hooligans,Mars,ironyx-rebel.png,
Yxlyx Stimrager,Mars,hobnobber--evil-twin.png,
Airlock,Mars,harmonia.png,
Ironyx Banner,Mars,lava-ball.png,
Memrox the Red,Mars,bronze-key-imp.png,
Nyyon Outpost,Mars,lord-invidius.png,
Space Invaders,Mars,almsmaster--evil-twin.png,
Suspended Animation,Mars,agent-sepdia.png,
Yxl the Iron Captain,Mars,borrow.png,
Zizok,Mars,gub.png,
Braindart,Mars,aja-the-inconspicuous.png,
Clone Home,Mars,fuzzy-gruen.png,
Genetic Blast,Mars,boss-zarek.png,
Glylyx Weaponsmith,Mars,diplomat.png,
Ironyx Propaganda,Mars,force-field.png,
Ironyx Rebel,Mars,staunch-knight.png,
Ironyx Vatminder,Mars,thundertow.png,
Kaboom!,Mars,armageddon-cloak.png,
Ammonia Clouds,Mars,booby-trap.png,
Agent Hoo-man,Mars,barehanded.png,
Battle Fleet,Mars,gongoozle.png,
Carpet Phloxem,Mars,safe-house.png,
Mk.2 Generator,Mars,psychic-bug.png,
Deep Probe,Mars,colonist-chapman.png,
Collector Worm,Mars,celestial-gorm.png,
"Myx, the Tallminded",Mars,burning-glare.png,
EMP Blast,Mars,barrister-joya.png,
Scoop Up,Mars,cybergiant-rig.png,
Glyxl Proliferator,Mars,round-table.png,
Ixxyxli Fixfinger,Mars,hobnobber.png,
Irradiated Æmber,Mars,sunk-cost.png,
Mars First,Mars,alaka.png,
Mars Needs Æmber,Mars,kiri-giltspine.png,
Yxlix Mesmerist,Mars,kartanoo.png,
Mindwarper,Mars,interdimensional-graft.png,
Blorb,Mars,hornswoggle.png,
Martians Make Bad Allies,Mars,oath-of-poverty.png,
Green Aeronaut,Mars,centurion-stenopius.png,
Mindworm,Mars,selfbolstering-automata.png,
Mass Abduction,Mars,feeding-pit.png,
Mothergun,Mars,chota-hazri.png,
Purple Aeronaut,Mars,old-egad--evil-twin.png,
Mating Season,Mars,new-frontiers.png,
Red Aeronaut,Mars,flaxia.png,
Skybooster Squadron,Mars,almsmaster.png,
Tyxl Beambuckler,Mars,suspended-animation.png,
White Aeronaut,Mars,hebe-the-huge.png,
Vezyma Thinkdrone,Mars,cowfyne.png,
Grunt,Mars,lost-in-the-woods.png,
Phosphorus Stars,Mars,saury-about-that.png,
Xanthyx Harvester,Mars,lay-of-the-land.png,
Rebel,Mars,baldric-the-bold.png,
Psychic Network,Mars,horrid-synan--evil-twin.png,
Yxilx Dominator,Mars,kassiel-the-benevolent.png,
Researcher,Mars,succubus.png,
Zysysyx Shockworm,Mars,into-the-night.png,
Æmber Conduction Unit,Mars,avenging-aura.png,
Soft Landing,Mars,cpo-zytar.png,
Combat Pheromones,Mars,mack-the-knife.png,
Squawker,Mars,pincerator.png,
Containment Field,Mars,rustmiser.png,
Destroy Them All!,Mars,floomf.png,
Exterminate! Exterminate!,Mars,epic-quest.png,
Hypnobeam,Mars,essence-scale.png,
Commpod,Mars,platopelta.png,
Key Abduction,Mars,poison-wave.png,
Crystal Hive,Mars,low-dawn.png,
Mothership Support,Mars,defense-initiative.png,
Feeding Pit,Mars,operations-officer-yshi.png,
Nyzyk Resonator,Mars,old-egad.png,
Orbital Bombardment,Mars,nexus.png,
Phloxem Spike,Mars,operative-espion--evil-twin.png,
Red Planet Ray Gun,Mars,senator-quintina.png,
Sample Collection,Mars,hock.png,
Swap Widget,Mars,fertility-chant.png,
Storm Crawler,Mars,hold-the-line.png,
Blypyp,Mars,information-officer-gray.png,
Uxlyx the Zookeeper,Mars,disciple.png,
Chuff Ape,Mars,smaaash.png,
Zorg,Mars,mutagenesis-researcher.png,
Ether Spider,Mars,old-yurk.png,
Brain Stem Antenna,Mars,smiling-ruth.png,
Custom Virus,Mars,shard-of-greed.png,
Grabber Jammer,Mars,lcdr-trigon.png,
Destructive Analysis,Mars,legatus-raptor.png,
Entropic Manipulator,Mars,lesser-oxtet.png,
“John Smyth”,Mars,lethal-distraction.png,
Extinction,Mars,operative-espion.png,
Grommid,Mars,crogg-the-clumsy.png,
Phylyx the Disintegrator,Mars,mad-prophet-gizelhart.png,
Hypnotic Command,Mars,perplexing-sophistry.png,
Incubation Chamber,Mars,taniwha.png,
Tunk,Mars,friendly-guide.png,
Invasion Portal,Mars,duskrunner.png,
Ulyq Megamouth,Mars,ironyx-vatminder.png,
Killzord mk. 9001,Mars,grey-abbess.png,
Martian Generosity,Mars,guji-dinosaur-hunter.png,
Martian Hounds,Mars,skullback-crab.png,
Yxili Marauder,Mars,chief-engineer-walls.png,
Qyxxlyx Plague Master,Mars,brothers-in-battle.png,
Yxilo Bolter,Mars,lrie-of-the-lake.png,
Shard of Hate,Mars,batariel-of-the-grey.png,
Shatter Storm,Mars,blorb.png,
Sniffer,Mars,d1v3-pod.png,
Zyzzix the Many,Mars,bramble-lynx.png,
Total Recall,Mars,mutagenesis-researcher.png,
Biomatrix Backup,Mars,lrie-of-the-lake--evil-twin.png,
Yzphyz Knowdrone,Mars,mirror-shell.png,
Jammer Pack,Mars,master-of-3.png,
Lateral Shift,,piranha-monkeys.png,
Almsmaster – Evil Twin,Sanctum,master-of-the-grey.png,
Grey Augur – Evil Twin,Sanctum,sv3-lander.png,
Lærie of the Lake – Evil Twin,Sanctum,chronophage.png,
Lightsmith Clariel – Evil Twin,Sanctum,gzdruty-the-arcane.png,
Seneschal Sargassa – Evil Twin,Sanctum,trader.png,
Sir Bevor – Evil Twin,Sanctum,dino-you-didnt.png,
Urien the Circumspect – Evil Twin,Sanctum,duskwitch.png,
"Orphiel, Sea's Chosen",Sanctum,dust-imp.png,
"Orphion, Land's Chosen",Sanctum,sack-of-coins.png,
Aja the Inconspicuous,Sanctum,cincinnatus-rex.png,
Avenging Aura,Sanctum,sensor-chief-garcia.png,
Charge!,Sanctum,spectral-tunneler.png,
Dry the River,Sanctum,survey.png,
Harmonic Ritual,Sanctum,opportunist.png,
Lady Loreena,Sanctum,kaupe--evil-twin.png,
Lightsmith Clariel,Sanctum,mutagenic-serum.png,
Numquid the Fair,Sanctum,timoti-the-dammed.png,
Orb of Wonder,Sanctum,curia-saurus.png,
Round Table,Sanctum,fangtooth-cavern.png,
Seraphic Armor,Sanctum,ammonia-clouds.png,
SGS Illuminator,Sanctum,pain-reaction.png,
The Corpulent Collector,Sanctum,hadron-collision.png,
Trial by Water,Sanctum,allusions-of-grandeur.png,
Almsmaster,Sanctum,battle-fleet.png,
Barrister Joya,Sanctum,ganger-chieftain.png,
Bring Low,Sanctum,gauntlet-of-command.png,
First or Last,Sanctum,gebuk.png,
Grey Augur,Sanctum,ged-hammer.png,
Haedroth’s Wall,Sanctum,giant-sloth.png,
Holdfast,Sanctum,dragnet.png,
Honor or Glory,Sanctum,evasion-sigil.png,
Light Everlasting,Sanctum,giant-gnawbill.png,
Redhand Registry,Sanctum,orator-hissaro.png,
Shoulder Armor,Sanctum,senator.png,
Badgemagus,Sanctum,omnipus.png,
Bull-wark,Sanctum,hard-simpson.png,
Cleansing Wave,Sanctum,faust-the-great.png,
General Xalvador,Sanctum,bellowing-patrizate.png,
Grand Melee,Sanctum,library-access.png,
Hammer-gram,Sanctum,pit-demon.png,
Heal or Harm,Sanctum,gemcoat-vendor.png,
Lærie of the Lake,Sanctum,bear-flute.png,
Marshal Ewer,Sanctum,speed-sigil.png,
Seneschal Sargassa,Sanctum,tireless-crocag.png,
Shifting Battlefield,Sanctum,seneschal-sargassa.png,
Sir Bevor,Sanctum,jon-cargo.png,
Staunch Knight,Sanctum,irradiated-mber.png,
Strange Ordination,Sanctum,sigil-of-brotherhood.png,
Taxing Journey,Sanctum,shard-of-hate.png,
Urien the Circumspect,Sanctum,barn-razing.png,
Ardent Hero,Sanctum,soul-fiddle.png,
Burning Glare,Sanctum,spike-trap.png,
Champion Anaphiel,Sanctum,one-last-job.png,
Commandeer,Sanctum,grey-augur.png,
Dæmo-Knight,Sanctum,stealer-of-souls.png,
Fangs of Gizelhart,Sanctum,champion-anaphiel.png,
Font of the Eye,Sanctum,pull-up-stakes.png,
Gizelhart’s Zealot,Sanctum,cr-officer-hawkins--evil-twin.png,
Lieutenant Gorvenal,Sanctum,pestering-blow.png,
Seeker of Truth,Sanctum,training-costs.png,
Smite,Sanctum,sensor-chief-garcia.png,
Squire Alys,Sanctum,skullion.png,
The Grey Rider,Sanctum,halacor.png,
Æmberheart,Sanctum,sv3-lander.png,
Angry Mob,Sanctum,beasts-bane.png,
Baldric the Bold,Sanctum,sequis.png,
Berinon,Sanctum,signal-fire.png,
Equalize,Sanctum,kaboom.png,
Free Markets,Sanctum,fof-transponder.png,
Gizelhart’s Standard,Sanctum,stealth-mode.png,
Purify,Sanctum,phalanx-leader.png,
Scrivener Favian,Sanctum,misery-exploit.png,
Book of Malefaction,Sanctum,amphora-captura.png,
Call to Action,Sanctum,election.png,
Eye of Judgment,Sanctum,batdrone.png,
Gizelhart's Wrath,Sanctum,orb-of-invidius.png,
Honorable Claim,Sanctum,savage-clash.png,
Mad Prophet Gizelhart,Sanctum,etans-jar.png,
Mantle of the Zealot,Sanctum,hecatomb.png,
Master of the Grey,Sanctum,library-of-babble.png,
Opal Knight,Sanctum,phase-shift.png,
Purifier of Souls,Sanctum,marshal-ewer.png,
Batariel of the Grey,Sanctum,llack-gaboon.png,
Dino-Knight,Sanctum,censor-philo--evil-twin.png,
Lyco-Knight,Sanctum,harland-mindlock.png,
Friendship,Sanctum,bellatoran-warrior.png,
Techno-Knight,Sanctum,recruit.png,
Halo of Enlightenment,Sanctum,mastermindy.png,
Umbra-Knight,Sanctum,narps-brew.png,
Heavy Subsidies,Sanctum,mothergun.png,
Xeno-Knight,Sanctum,cr-officer-hawkins--evil-twin.png,
Renewed Life,Sanctum,phalanx-strike.png,
Sariel the Steadfast,Sanctum,echo-pearl.png,
The Promised Blade,Sanctum,plague-rat.png,
Zephon the Opulent,Sanctum,etaromme.png,
Grey Abbess,Sanctum,discombobulator.png,
Hymn to Duma,Sanctum,ether-spider.png,
Katerina the Summoner,Sanctum,miasma.png,
Lightbringer Outpost,Sanctum,chieftains-brew.png,
Martyr of the Vault,Sanctum,hystricog.png,
Squire Recruitment,Sanctum,research-smoko.png,
Absolve,Sanctum,researcher.png,
Battlefield Evangelist,Sanctum,philophosaurus.png,
Celestial Gorm,Sanctum,chonkers.png,
“Lion” Bautrem,Sanctum,strange-shell.png,
Abond the Armorsmith,Sanctum,hold-the-line.png,
Challe the Safeguard,Sanctum,revered-monk.png,
Aubade the Grim,Sanctum,isotropic-core.png,
Colonel Mariana,Sanctum,poltergeist.png,
Blinding Light,Sanctum,hedonistic-intent.png,
Bordan the Redeemed,Sanctum,harvest-time.png,
Kassiel the Benevolent,Sanctum,city-gates.png,
Clear Mind,Sanctum,observumax.png,
Knightapult,Sanctum,armadrone.png,
Golden Aura,Sanctum,mk2-generator.png,
Membership Drive,Sanctum,shooler.png,
Glorious Few,Sanctum,kompsos-haruspex.png,
Muster,Sanctum,pos-pixies.png,
Hallowed Shield,Sanctum,ancient-battleground.png,
Healing Blast,Sanctum,beach-day.png,
Ostentatious Mount,Sanctum,punctuated-equilibrium.png,
Inspiration,Sanctum,natures-call.png,
Outflank,Sanctum,ostentatious-mount.png,
Maruck the Marked,Sanctum,thin-the-herd.png,
Pandulf the Provoker,Sanctum,one-stood-against-many.png,
Protect the Weak,Sanctum,alakas-brew.png,
Request Donations,Sanctum,befuddle.png,
Shield of Justice,Sanctum,library-of-the-damned.png,
Retribution,Sanctum,cr-officer-hawkins.png,
Sir Marrows,Sanctum,technobabble.png,
Revered Monk,Sanctum,the-curator.png,
Take Hostages,Sanctum,pawn-sacrifice.png,
Terms of Redress,Sanctum,the-feathered-shaman.png,
Baron Mengevin,Sanctum,swallow-whole.png,
Disciple,Sanctum,shadow-of-dis.png,
Cleric,Sanctum,exhume.png,
Brobnar Ambassador,Sanctum,ceaseforge.png,
Defender,Sanctum,inspiring-oration.png,
Virtuous Works,Sanctum,monument-to-ludo.png,
Dis Ambassador,Sanctum,professor-sutterkin.png,
Squire,Sanctum,horrid-synan.png,
Doorstep to Heaven,Sanctum,harmonic-ritual.png,
Hallowed Blaster,Sanctum,terrordactyl.png,
Gatekeeper,Sanctum,pelf.png,
Gorm of Omm,Sanctum,pupgrade.png,
Whispering Reliquary,Sanctum,infurnace.png,
Logos Ambassador,Sanctum,psychic-network.png,
Bulwark,Sanctum,martian-generosity.png,
Mars Ambassador,Sanctum,logos-ambassador.png,
Potion of Invulnerability,Sanctum,mugwump.png,
Champion Tabris,Sanctum,rant-and-rive.png,
"Prince Derric, Unifier",Sanctum,bury-riches.png,
Radiant Truth,Sanctum,cleansing-wave.png,
Commander Remiel,Sanctum,photon-blast.png,
Rothais the Fierce,Sanctum,ingrams-blaster.png,
Francus,Sanctum,brammo.png,
Shadows Ambassador,Sanctum,d1v3-pod.png,
Sigil of Brotherhood,Sanctum,stealth-mode.png,
Grey Monk,Sanctum,krrrzzzaaap.png,
The Harder They Come,Sanctum,giants-bane.png,
Hayyel the Merchant,Sanctum,giltspine-netcaster--evil-twin.png,
The Spirit’s Way,Sanctum,horseman-of-death.png,
Horseman of Death,Sanctum,hallafest.png,
Horseman of Famine,Sanctum,hallowed-blaster.png,
Untamed Ambassador,Sanctum,fyrebreath.png,
Anahita the Trader,Sanctum,gizelharts-wrath.png,
Horseman of Pestilence,Sanctum,iss-indominus.png,
Horseman of War,Sanctum,lieutenant-khrkhar.png,
Armageddon Cloak,Sanctum,kelifi-dragon.png,
Begone!,Sanctum,gleeful-mayhem.png,
Jehu the Bureaucrat,Sanctum,deipno-spymaster.png,
Duma the Martyr,Sanctum,com-officer-gross.png,
Lady Maxena,Sanctum,com-officer-kirby.png,
Epic Quest,Sanctum,commandeer.png,
Lord Golgotha,Sanctum,ingrams-blaster.png,
Protectrix,Sanctum,disruption-field.png,
Martyr’s End,Sanctum,nogi-smartfist.png,
Raiding Knight,Sanctum,noname.png,
Mighty Lance,Sanctum,glorious-few.png,
Mother Northelle,Sanctum,rapid-evolution.png,
Sequis,Sanctum,draining-touch.png,
Oath of Poverty,Sanctum,rigged-lottery.png,
Sergeant Zakiel,Sanctum,martian-hounds.png,
One Stood Against Many,Sanctum,blypyp.png,
Proclamation 346E,Sanctum,bombyx.png,
Sanctum Guardian,Sanctum,bonesaw.png,
Shard of Hope,Sanctum,book-of-leq.png,
The Vaultkeeper,Sanctum,book-of-leq.png,
Veemos Lightbringer,Sanctum,book-of-malefaction.png,
"Nizak, The Forgotten",,bordan-the-redeemed.png,
The Red Baron,,borka-rikk.png,
Dark Æmber Vault,Dis | Logos | Sanctum | Saurian | Shadows | StarAlliance | Untamed,kamalani.png,
Bestiarii Urso – Evil Twin,Saurian,squire.png,
Censor Philo – Evil Twin,Saurian,forgemaster-og.png,
Eclectic Ambrosius – Evil Twin,Saurian,ganymede-archivist.png,
Lapisaurus – Evil Twin,Saurian,throwing-stars.png,
Magistra Vita – Evil Twin,Saurian,phoenix-heart.png,
Physicus Felix – Evil Twin,Saurian,observumax.png,
Undagnathus – Evil Twin,Saurian,berserker-slam.png,
Scylla,Saurian,belligerent-guard.png,
Charybdis,Saurian,armory-officer-nel.png,
Bracchanalia,Saurian,lieutenant-valmart.png,
Brachiaditus,Saurian,swindle.png,
Crassosaurus,Saurian,friendly-guide.png,
Diplo-Macy,Saurian,stratosmack.png,
Eclectic Ambrosius,Saurian,champions-challenge.png,
Enlist Numeri,Saurian,drawn-down.png,
Good of the Many,Saurian,disruption-field.png,
Grimlocus Dux,Saurian,brawl-in.png,
Hastatus Raptor,Saurian,giltspine-school.png,
High Priest Torvus,Saurian,gladiodontus.png,
Imperial Forge,Saurian,forging-an-alliance.png,
ISS Indominus,Saurian,restringuntus.png,
Primus Unguis,Saurian,clear-mind.png,
Saury About That,Saurian,general-zÄƒ-orhÄƒ.png,
Swallow Whole,Saurian,dive-deep.png,
Tertiate,Saurian,altruists-rostrum.png,
The Colosseum,Saurian,bot-bookton.png,
The First Scroll,Saurian,norbyns-cavern.png,
Ankylo Formation,Saurian,symposium.png,
Bestiarii Urso,Saurian,ritual-of-tognath.png,
Bury Riches,Saurian,curiosity.png,
City-State Interest,Saurian,transporter-platform.png,
Di-No You Didn't!,Saurian,obsidian-forge.png,
Gladiodontus,Saurian,niffle-ape.png,
Hedonistic Intent,Saurian,monument-to-octavia.png,
Humble,Saurian,medicus-lacus.png,
Paraguardian,Saurian,monument-to-shrix.png,
Physicus Felix,Saurian,mookling.png,
Saurarium,Saurian,mooncurser.png,
Senator Quintina,Saurian,transposition-sandals.png,
Siren Horn,Saurian,technofiend.png,
Terrordactyl,Saurian,punch.png,
Trojan Sauropod,Saurian,the-shadowsmith.png,
Wipe Clear,Saurian,flea-market.png,
Altruist's Rostrum,Saurian,lieutenant-valmart.png,
Carpe Vinum,Saurian,glimmer.png,
Censor Philo,Saurian,grim-reminder.png,
Consul Primus,Saurian,oneeyed-willa.png,
Cornicen Octavia,Saurian,berserker.png,
Crushing Charge,Saurian,echo-reflector.png,
Decadence,Saurian,pourtal.png,
Faust the Great,Saurian,t3r35a.png,
Lapisaurus,Saurian,titan-guardian.png,
Magistra Vita,Saurian,the-fittest.png,
Medicus Lacus,Saurian,kartanoo.png,
Ostracize,Saurian,t3r35a.png,
Reach Advantage,Saurian,recruiting-station.png,
Spoils of Battle,Saurian,ember-imp.png,
Axiom of Grisk,Saurian,outflank.png,
Undagnathus,Saurian,tolas.png,
Brutodon Auxiliary,Saurian,tomwa-of-the-glow.png,
Venator Altum,Saurian,too-much-to-protect.png,
Beware the Ides,Saurian,tremor.png,
Chant of Hubris,Saurian,genetic-drift.png,
Imperial Scutum,Saurian,smith.png,
Imperium,Saurian,ambassador-liu.png,
Citizen Shrix,Saurian,bouncing-deathquark.png,
Legatus Raptor,Saurian,streke.png,
Odoac the Patrician,Saurian,gabos-longarms.png,
Curse of Vanity,Saurian,sacrobeast.png,
Phalanx Strike,Saurian,trojan-sauropod.png,
Dæmo-Saurus,Saurian,cr-officer-hawkins.png,
Praefectus Ludo,Saurian,stronger-together.png,
Defense Initiative,Saurian,the-susurrus.png,
Questor Jarta,Saurian,mobius-scroll.png,
Rhetor Gallim,Saurian,photic-raider.png,
Galeatops,Saurian,emp-blast.png,
Senator Shrix,Saurian,fogbank.png,
Monument to Ludo,Saurian,scholar.png,
The Golden Spiral,Saurian,outnegotiate.png,
Thero Centurion,Saurian,technosaurus.png,
Sagittarii's Gaze,Saurian,the-flex.png,
Tribute,Saurian,trial-by-water.png,
Tricerian Legionary,Saurian,dance-of-doom.png,
Ancient Power,Saurian,the-flyin-specter.png,
Centurion Stenopius,Saurian,praefectus-ludo.png,
Blast from the Past,Saurian,angry-mob.png,
Draco Praeco,Saurian,lightsmith-clariel.png,
Exile,Saurian,painmail.png,
Curia Saurus,Saurian,stealthster.png,
Dark Centurion,Saurian,pupgrade.png,
Gargantodon,Saurian,bestiarii-urso--evil-twin.png,
Library of Polliasaurus,Saurian,crash-muldoon.png,
Dreadbone Decimus,Saurian,resurgence.png,
Orator Hissaro,Saurian,cloaking-dongle.png,
Philophosaurus,Saurian,dreadbone-decimus.png,
Regrettable Meteor,Saurian,encounter-suit.png,
Sic Semper Tyrannosaurus,Saurian,heist-night.png,
Stomp,Saurian,sacrosaurus.png,
Saurian Egg,Saurian,ganymede-outpost.png,
The Callipygian Ideal,Saurian,groggins.png,
Tribune Pompitus,Saurian,lifeward.png,
Auto-Legionary,Saurian,roxador.png,
Cincinnatus Rex,Saurian,commander-chan.png,
City Gates,Saurian,exoshell-system.png,
Crystal Surge,Saurian,masterplan.png,
Favor of Rex,Saurian,skÃ¶ll.png,
Forum of Giants,Saurian,revna-starsong.png,
Imperial Road,Saurian,armsmaster-molina.png,
Kompsos Haruspex,Saurian,titan-mechanic.png,
Livia the Elder,Saurian,technothief.png,
Nerotaurus,Saurian,bestiarii-urso.png,
Optio Gorkus,Saurian,odd-clawde.png,
Patronage,Saurian,dust-pixie.png,
Saurus Rex,Saurian,dinofiend.png,
Senator Bracchus,Saurian,chronus.png,
Sow Salt,Saurian,shattered-throne.png,
Aedile Tullia,Saurian,portalmonger.png,
Spartasaur,Saurian,light-everlasting.png,
Amphora Captura,Saurian,opal-knight.png,
Aristotlmimus,Saurian,niffle-grounds.png,
Triumph,Saurian,crash-muldoon.png,
Conscription,Saurian,initiation.png,
Lyco-Saurus,Saurian,scout-pete.png,
Monument to Faust,Saurian,revo-hooligans.png,
Edict of Nerotaurus,Saurian,quintrino-warp.png,
Monument to Octavia,Saurian,overrun.png,
Election,Saurian,echo-reflector.png,
Monument to Primus,Saurian,mogghunter.png,
Monument to Shrix,Saurian,might-makes-right.png,
Sacro-Saurus,Saurian,buzzle.png,
Techno-Saurus,Saurian,helmsman-spears.png,
Umbra-Saurus,Saurian,groke.png,
Legion’s March,Saurian,demons-bane.png,
Xeno-Saurus,Saurian,hayyel-the-merchant.png,
Deusillus,Saurian,headhunter.png,
Magistrate Crispus,Saurian,crassosaurus.png,
Platopelta,Saurian,creeping-oblivion.png,
Rampaging Brutodon,Saurian,katerina-the-summoner.png,
Socraterosaurus,Saurian,martian-revolution.png,
Tectonic Shift,Saurian,press-gang.png,
Training Costs,Saurian,kaupe.png,
Æmbrosia Outpost,Saurian,dark-centurion.png,
Chaosodon,Saurian,conductor-jÄƒrroyÄƒ.png,
Hoplite’s Dory,Saurian,armsmaster-molina.png,
Imperator Drusilla,Saurian,foozle.png,
Inspiring Oration,Saurian,dÃ¦moalien.png,
Pax Sauriana,Saurian,dinoknight.png,
Phalanx Leader,Saurian,scout-chief-korijir.png,
"Aquilia, Lone Hero",Saurian,brutodon-auxiliary.png,
Arm the Plebeians,Saurian,cadet.png,
Ballistego,Saurian,nautilixian.png,
Chancellor Dexterus,Saurian,citizen-shrix.png,
Epic Poem,Saurian,kelping-hands.png,
Grammaticus Thrax,Saurian,the-chosen-one.png,
Legionary Trainer,Saurian,the-common-cold.png,
Longusaur Lector,Saurian,magda-the-rat.png,
Pale Into Insignificance,Saurian,sci-officer-morpheus.png,particle-sweep.png
Praetor Marius,Saurian,mogghunters-brew.png,
Recruit,Saurian,pi-sweven--evil-twin.png,
Symposium,Saurian,mutant-cutpurse.png,
Bellatoran Warrior,Saurian,scowly-caper.png,
Scholar,Saurian,beware-the-ides.png,
Senator,Saurian,symon.png,
Trooper,Saurian,priest.png,
Ghostform,,tribune-pompitus.png,
Captain No-Beard – Evil Twin,Shadows,the-floor-is-lava.png,
Freebooter Faye – Evil Twin,Shadows,orb-of-wonder.png,
Hard Simpson – Evil Twin,Shadows,mutation-of-cunning.png,
Hobnobber – Evil Twin,Shadows,matter-maker.png,
Monty Bank – Evil Twin,Shadows,dysania.png,
One-Eyed Willa – Evil Twin,Shadows,mighty-javelin.png,
Sea Urchin – Evil Twin,Shadows,grokes-brew.png,
Archon's Revenge,Shadows,bigtwig.png,
Captain No-Beard,Shadows,good-of-the-many.png,
Dead Man's Chest,Shadows,snaglet.png,
Early Birds,Shadows,scooped.png,
Easy Marks,Shadows,guilty-hearts.png,
Finch Cloak,Shadows,soul-snatcher.png,
Finishing Blow,Shadows,magistra-vita--evil-twin.png,
Mastermindy,Shadows,logos-plant.png,
Masterplan,Shadows,bryozoarch.png,
Mole,Shadows,bilgewarden.png,
Ransom,Shadows,positron-bolt.png,
Scowly Caper,Shadows,berinon.png,
Smiling Ruth,Shadows,eunoia.png,
Submersible,Shadows,tachyon-pulse.png,
Widespread Corruption,Shadows,tectonic-shift.png,
Blatant Thievery,Shadows,commander-chan.png,
Booby Trap,Shadows,containment-field.png,
Brend the Fanatic,Shadows,purify.png,
Freebooter Faye,Shadows,reach-advantage.png,
Hand Cannon,Shadows,munchling.png,
Little Niff,Shadows,slimy-jark.png,
Miasma Bomb,Shadows,force-field.png,
Monty Bank,Shadows,picaroon.png,
Old Bruno,Shadows,even-ivan.png,
Ransack,Shadows,citystate-interest.png,
Safe or Sorry,Shadows,shopping-spree.png,
Stir Up Trouble,Shadows,drecker.png,
The Flyin’ Specter,Shadows,krump.png,
Trickle-Down Theory,Shadows,ancient-power.png,
Whisper,Shadows,snarette.png,
Cement Shoes,Shadows,aubade-the-grim.png,
"Francis the ""Economist""",Shadows,tidal-wave.png,
Gas-Pipes Malone,Shadows,mberheart.png,
Hard Simpson,Shadows,navigator-ali.png,
Hobnobber,Shadows,friendship.png,
Hornswoggle,Shadows,binary-moray--evil-twin.png,
Jackie Tar,Shadows,cement-shoes.png,
Kerwollop,Shadows,squire-alys.png,
Loot or Pillage,Shadows,the-golden-spiral.png,
A. Vinda,Shadows,sloth.png,
Mug,Shadows,lucky-dice.png,
Breaker Hill,Shadows,labwork.png,
One-Eyed Willa,Shadows,light-of-the-archons.png,
Hit and Run,Shadows,reap-or-sow.png,
Scooped,Shadows,dredging-druid.png,
Hock,Shadows,dinosaurs-bane.png,
Sea Urchin,Shadows,exchange-officer.png,
Seeker Needle,Shadows,encounter-suit.png,
Hugger-Mugger,Shadows,forced-retirement.png,
Inky Gloom,Shadows,dimension-door.png,
Shoulder Id,Shadows,kelpminder.png,
Walk the Plank,Shadows,lieutenant-gorvenal.png,
J. Vinda,Shadows,revolution.png,
Kymoor Eclipse,Shadows,foggify.png,
Pestering Blow,Shadows,grammaticus-thrax.png,
Bo Nithing,Shadows,dark-discovery.png,
Dæmo-Thief,Shadows,ambassador-liu.png,
Ronnie Wristclocks,Shadows,the-grey-rider.png,
Dark Wave,Shadows,ring-of-invisibility.png,
Symon,Shadows,inka-the-spider.png,
Trust No One,Shadows,impspector.png,
Look Over There!,Shadows,glorianas-attendant.png,
Yantzee Gang,Shadows,dark-faerie.png,
Chain Gang,Shadows,eclectic-ambrosius--evil-twin.png,
Mutant Cutpurse,Shadows,seraphic-armor.png,
Nexus,Shadows,safe-place.png,
Fidgit,Shadows,fifalde.png,
Opportunist,Shadows,francis-the-economist.png,
Rad Penny,Shadows,mbervac.png,
Into the Night,Shadows,take-hostages.png,
No Safety in Numbers,Shadows,sagittariis-gaze.png,
Subtle Otto,Shadows,sanctum-guardian.png,
Tempting Offer,Shadows,flamewake-shaman.png,
Vandalize,Shadows,screechbomb.png,
Spike Trap,Shadows,halo-of-enlightenment.png,
Bonerot Venom,Shadows,galactic-census.png,
Subtle Chain,Shadows,ozmo-martianologist.png,
"""Borrow""",Shadows,lady-loreena.png,
Boss Zarek,Shadows,binary-moray.png,
Bait and Switch,Shadows,binding-irons.png,ragnarok-prep.png
Lucky Dice,Shadows,austeralis-seaborg.png,
Bad Penny,Shadows,squire-recruitment.png,
Dusk Chronicles,Shadows,lieutenant-khrkhar.png,
Gambling Den,Shadows,sneklifter.png,
Macis Asp,Shadows,murkens.png,
Furtive Investors,Shadows,exchange-officer.png,
Hunter or Hunted?,Shadows,odoac-the-patrician.png,
Ghostly Hand,Shadows,norbyns-cavern.png,
Gamgee,Shadows,biome-discovery.png,
Keyforgery,Shadows,teleporter-chief-tink.png,
Knuckles Bolton,Shadows,martians-make-bad-allies.png,
Lethal Distraction,Shadows,tribute.png,
Lamindra,Shadows,franes-blaster.png,
Life for a Life,Shadows,grabber-jammer.png,
Reckless Rizzo,Shadows,diplomat-agung.png,
Miasma,Shadows,phloxem-spike.png,
Safe House,Shadows,temporal-purge.png,
Nerve Blast,Shadows,scout-pete.png,
Manchego,Shadows,navigator-ali.png,
Rigged Lottery,Shadows,rocketeer-tryska--evil-twin.png,
The Shadowsmith,Shadows,gluttony.png,
Sucker Punch,Shadows,rocket-boots.png,
Doom Sigil,Shadows,grommid.png,
Swindle,Shadows,control-the-weak.png,
Pawn Sacrifice,Shadows,holdfast.png,
Throwing Stars,Shadows,primordial-vault.png,
Poison Wave,Shadows,mighty-lance.png,
Umbra,Shadows,stealthster.png,
Heist Night,Shadows,auction-off.png,
Relentless Whispers,Shadows,bubbles.png,
Whistling Darts,Shadows,pingle-who-annoys.png,
Imperial Traitor,Shadows,feats-of-strength.png,
The Quiet Anvil,Shadows,irestaff.png,
Johnny Longfingers,Shadows,galactic-census.png,
The Shadow Council,Shadows,forge-compiler.png,
Liam Say,Shadows,kerwollop.png,
Weasand,Shadows,festering-touch.png,
Duskrunner,Shadows,grand-alliance-council.png,
Hidden Stash,Shadows,corner-the-market.png,
Evasion Sigil,Shadows,tempting-offer.png,
Brobnar Plant,Shadows,key-charge.png,
Hideaway Hole,Shadows,key-of-darkness.png,
Dis Plant,Shadows,epic-poem.png,
Lights Out,Shadows,anomaly-exploiter.png,
One Last Job,Shadows,galeatops.png,
Logos Plant,Shadows,mechabuoy.png,
Pincerator,Shadows,photon-blast.png,
Saurian Plant,Shadows,puzzling-trinket.png,
Sack of Coins,Shadows,toad.png,
Murkens,Shadows,the-pale-star.png,
Star Alliance Plant,Shadows,cadet.png,
Nightforge,Shadows,titan-engineer.png,
Safe Place,Shadows,binate-rupture.png,
Untamed Plant,Shadows,fidgit.png,
Oubliette,Shadows,rhetor-gallim.png,
Shadowsaurus,Shadows,quintrino-warp.png,
Perplexing Sophistry,Shadows,big-magnet.png,
Speed Sigil,Shadows,scout.png,
Redlock,Shadows,orphiel-seas-chosen.png,
Splinter,Shadows,diplomat-agung.png,
Skeleton Key,Shadows,clone-home.png,
Special Delivery,Shadows,lamindra.png,
Subtle Maul,Shadows,helmsman-spears.png,
Dino-Thief,Shadows,pyr0.png,
Too Much to Protect,Shadows,blatant-thievery.png,
Carlo Phantom,Shadows,theyre-everywhere.png,
Lyco-Thief,Shadows,doc-bookton.png,
Bulleteye,Shadows,tactical-officer-moon.png,
Sacro-Thief,Shadows,shorty.png,
Customs Office,Shadows,helper-bot.png,
Faygin,Shadows,doctor-driscoll.png,
Techno-Thief,Shadows,saurian-egg.png,
Deipno Spymaster,Shadows,recruiting-station.png,
Xeno-Thief,Shadows,pound.png,
Guard Disguise,Shadows,chuff-ape.png,
Magda the Rat,Shadows,shadow-self.png,
Key of Darkness,Shadows,trading-frenzy.png,
Mooncurser,Shadows,explorer.png,
Longfused Mines,Shadows,censor-philo.png,
Noddy the Thief,Shadows,moor-wolf.png,
Mack the Knife,Shadows,project-zyx.png,
Dodger,Shadows,phosphorus-stars.png,
Plague Rat,Shadows,praetor-marius.png,
Shadow Self,Shadows,offering-to-kiligog.png,
Ring of Invisibility,Shadows,mega-ganger-chieftain.png,
Routine Job,Shadows,gron-ninetoes.png,
Silvertooth,Shadows,light-of-the-archons.png,
Selwyn the Fence,Shadows,dark-harbinger.png,
Shard of Greed,Shadows,finch-cloak.png,
Urchin,Shadows,iron-obelisk.png,
Sneklifter,Shadows,magistra-vita.png,
The Sting,Shadows,mimicry.png,
Treasure Map,Shadows,potion-of-invulnerability.png,
Silent Dagger,Shadows,mole.png,
5C077 – Evil Twin,StarAlliance,lumilu.png,
C.R. Officer Hawkins – Evil Twin,StarAlliance,tentaclid.png,
CH-337A – Evil Twin,StarAlliance,steward-suuzyan.png,
Colonist Chapman – Evil Twin,StarAlliance,nepeta-gigantica.png,
Operative Espion – Evil Twin,StarAlliance,sanitation-engineer.png,
Rocketeer Tryska – Evil Twin,StarAlliance,ritual-of-balance.png,
Shield-U-Later – Evil Twin,StarAlliance,dÃ¦moalien.png,
Com. Officer Gross,StarAlliance,frigorific-rod.png,
Z-Force Agent 14,StarAlliance,cross-porpoises.png,
Z-Particle Tracker,StarAlliance,ghosthawk.png,
Z-Ray Blaster,StarAlliance,operations-officer-yshi.png,
Z-Wave Emitter,StarAlliance,titan-librarian.png,
5C077,StarAlliance,scrapscrounger.png,
Book of leQ,StarAlliance,sabotage-mission.png,
Ceaseforge,StarAlliance,not-finished-with-you.png,
Crash Muldoon,StarAlliance,exploratory-craft.png,
D1-V3 Pod,StarAlliance,dark-mber-vault.png,
Doctor Driscoll,StarAlliance,call-of-the-void.png,
Encounter Suit,StarAlliance,autocannon.png,
Exploratory Craft,StarAlliance,incubation-chamber.png,
Forging an Alliance,StarAlliance,lomir-flamefist.png,
General Order 24,StarAlliance,silent-dagger.png,
Make It So,StarAlliance,operative-espion--evil-twin.png,
Matter Maker,StarAlliance,niffle-kong.png,
Plasma Nozzle,StarAlliance,sniffer.png,
Prof. Emeritus Kering,StarAlliance,sacrificial-altar.png,
United Action,StarAlliance,operative-espion.png,
Agent Sepdia,StarAlliance,igon-the-green.png,
Away Team,StarAlliance,freebooter-faye.png,
CH-337A,StarAlliance,red-aeronaut.png,
Colonist Chapman,StarAlliance,frost-giant.png,
CXO Taber,StarAlliance,qincans-blaster.png,
Force Field,StarAlliance,nerotaurus.png,
Lay of the Land,StarAlliance,molephin.png,
Mutagenesis Researcher,StarAlliance,magistrate-crispus.png,
Sabotage Mission,StarAlliance,medic-ingram.png,
Selective Preservation,StarAlliance,horseman-of-famine.png,
Static Collection Array,StarAlliance,hastatus-raptor.png,
Stunner,StarAlliance,sacroalien.png,
T3R-35A,StarAlliance,life-for-a-life.png,
Together!,StarAlliance,help-from-future-self.png,
Universal Translator,StarAlliance,lifeweb.png,
Xenotraining,StarAlliance,purple-aeronaut.png,
Com. Officer Hings,StarAlliance,call-to-action.png,
Æmber-vac,StarAlliance,lapisaurus.png,
Biome Discovery,StarAlliance,pride.png,
Cultural Exchange,StarAlliance,commander-dhrxgar.png,
Armsmaster Molina,StarAlliance,rogue-ogre.png,
C.R. Officer Hawkins,StarAlliance,qincans-blaster.png,
Chief Engineer Walls,StarAlliance,hand-cannon.png,
Diplomat Agung,StarAlliance,lightbringer-outpost.png,
Grand Alliance Council,StarAlliance,forging-an-alliance.png,
Cloaking Dongle,StarAlliance,tangaika.png,
Com. Officer Kirby,StarAlliance,corrode.png,
Lieutenant Khrkhar,StarAlliance,bingle-bangbang.png,
Lieutenant Valmart,StarAlliance,hand-of-dis.png,
Mirror Shell,StarAlliance,autoencoder.png,
Norbyn’s Cavern,StarAlliance,key-abduction.png,
Explo-rover,StarAlliance,ritual-of-life.png,
Light of the Archons,StarAlliance,quixo-the-adventurer.png,
First Officer Frane,StarAlliance,horseman-of-pestilence.png,
Officer's Blaster,StarAlliance,blinding-light.png,
Operative Espion,StarAlliance,ch337a.png,
Psionic Officer Lang,StarAlliance,dendrix.png,
Rocketeer Tryska,StarAlliance,anahita-the-trader.png,
Medic Ingram,StarAlliance,brabble.png,
Pupgrade,StarAlliance,hologrammophone.png,
Sci. Officer Qincan,StarAlliance,opposition-research.png,
Shield-U-Later,StarAlliance,desire.png,
Access Denied,StarAlliance,deusillus.png,
Molina’s Blaster,StarAlliance,dew-faerie.png,
Red Alert,StarAlliance,dextre.png,
Technobabble,StarAlliance,dark-minion.png,
Recruiting Station,StarAlliance,smite.png,
Blast Shielding,StarAlliance,mighty-tiger.png,
Unity or Discord,StarAlliance,lash-of-broken-dreams.png,
Commander Chan,StarAlliance,biome-discovery.png,
Shakedown Sullivan,StarAlliance,quantum-fingertrap.png,
Stronger Together,StarAlliance,cleric.png,
Zap,StarAlliance,pyr0.png,
Crewman Jörg,StarAlliance,breaker-hill.png,
Stealth Mode,StarAlliance,crazy-killing-machine.png,
Dæmo-Alien,StarAlliance,snufflegator.png,
Temporal Purge,StarAlliance,horseman-of-war.png,
Hadron Collision,StarAlliance,hayden-oswin.png,
The Ulfberht Device,StarAlliance,key-hammer.png,
CALV-1N,StarAlliance,make-it-so.png,
Observ-u-Max,StarAlliance,prince-derric-unifier.png,
Badge of Unity,StarAlliance,equalize.png,
Camaraderie,StarAlliance,bonerot-venom.png,
Helmsman Spears,StarAlliance,calv1n.png,
Scout Pete,StarAlliance,splinter.png,
Collector Boren,StarAlliance,commander-dhrxgar.png,
Information Officer Gray,StarAlliance,glylyx-weaponsmith.png,
Securi-Droid,StarAlliance,avid-collecting.png,
Sensor Chief Garcia,StarAlliance,silver-key-imp.png,
Subdue,StarAlliance,azure-basin-outpost.png,
Navigator Ali,StarAlliance,fila-the-researcher.png,
FOF Transponder,StarAlliance,cephaloist.png,
Ganymede Outpost,StarAlliance,bilgum-avalanche.png,
Nurse Soto,StarAlliance,novu-archaeologist.png,
Subject Kirby,StarAlliance,igon-the-terrible.png,
Grunt Work,StarAlliance,autovac-5150.png,
Survey,StarAlliance,commander-remiel.png,
Quadracorder,StarAlliance,creed-of-nurture.png,
Quintrino Flux,StarAlliance,creed-of-nature.png,
Teleporter Chief Tink,StarAlliance,breakkey.png,
Quintrino Warp,StarAlliance,quadracorder.png,
ANT1-10NY,StarAlliance,hapless-cadet.png,
Sci. Officer Morpheus,StarAlliance,bulleteye.png,
Armory Officer Nel,StarAlliance,swap-widget.png,
Tactical Officer Moon,StarAlliance,snag.png,
SV3 Lander,StarAlliance,murmook.png,
Transporter Platform,StarAlliance,gravelguts.png,
Detention Coil,StarAlliance,subdue.png,
Hayden Oswin,StarAlliance,soulkeeper.png,
LCdr. Trigon,StarAlliance,stiltkin.png,
Æmbertracker,StarAlliance,take-that-smartypants.png,
New Frontiers,StarAlliance,commpod.png,
Captain Val Jericho,StarAlliance,covetous-hema.png,
Particle Sweep,StarAlliance,bullwark.png,
CPO Zytar,StarAlliance,away-team.png,
Disruption Field,StarAlliance,molinas-blaster.png,
Echo Reflector,StarAlliance,ganymede-outpost.png,
Friendly Guide,StarAlliance,favor-of-rex.png,
Stealthster,StarAlliance,silvertooth.png,
Future Booster,StarAlliance,molluscaller.png,
Photon Blast,StarAlliance,scyphos.png,
Galactic Census,StarAlliance,proclamation-346e.png,
PYR*0,StarAlliance,scrivener-favian.png,
Recorded History,StarAlliance,faygin.png,
Operations Officer Yshi,StarAlliance,primal-relic.png,
Rogue Operation,StarAlliance,panpaca-anga.png,
Peace Accord,StarAlliance,primus-unguis.png,
Ambassador Liu,StarAlliance,martyr-of-the-vault.png,
Scout Chief Korijir,StarAlliance,tocsin.png,
Commander Dhrxgar,StarAlliance,teleporter-chief-tink.png,
Quixxle Stone,StarAlliance,conscription.png,
Specialist Guthrak,StarAlliance,greater-oxtet.png,
Teamwork,StarAlliance,kirbys-blaster.png,
"Special Agent ""Fingers""",StarAlliance,ikwij-outpost.png,
Tachyon Pulse,StarAlliance,its-coming.png,
Ensign El-Samra,StarAlliance,curse-of-vanity.png,
Uplink,StarAlliance,the-promised-blade.png,
Exchange Officer,StarAlliance,eclectic-ambrosius.png,
Techivore Pulpate,StarAlliance,power-of-fire.png,
Uncharted Lands,StarAlliance,dÃ¦mobeast.png,
Æmberling,StarAlliance,red-alert.png,
Cadet,StarAlliance,huggermugger.png,
We Can ALL Win,StarAlliance,commune.png,
Explorer,StarAlliance,rooftop-laboratory.png,
Hapless Cadet,StarAlliance,scientists-bane.png,
Chan’s Blaster,StarAlliance,destroy-them-all.png,
B0-T,StarAlliance,ancient-bear.png,
Hold the Line,StarAlliance,officers-blaster.png,
Frane’s Blaster,StarAlliance,sound-the-horns.png,
J.O.N. Cargo,StarAlliance,brend-the-fanatic.png,
Garcia’s Blaster,StarAlliance,mimic-gel.png,
Kartanoo,StarAlliance,grons-brew.png,
Ingram’s Blaster,StarAlliance,socraterosaurus.png,
Khrkhar’s Blaster,StarAlliance,forgive-or-forget.png,
Kirby’s Blaster,StarAlliance,humans-bane.png,
Qincan’s Blaster,StarAlliance,dexus.png,
Walls’ Blaster,StarAlliance,blood-of-titans.png,
Dino-Alien,StarAlliance,chain-gang.png,
Lyco-Alien,StarAlliance,rogue-operation.png,
Sacro-Alien,StarAlliance,red-alert.png,
Techno-Alien,StarAlliance,sacroalien.png,
Umbra-Alien,StarAlliance,sacrothief.png,
Ecto-Charge,,novu-dynamo.png,
Flamegill Enforcer – Evil Twin,Unfathomable,dÃ¦mobot.png,
Giltspine Netcaster – Evil Twin,Unfathomable,paraguardian.png,
Horrid Synan – Evil Twin,Unfathomable,prof-emeritus-kering.png,
Kaupe – Evil Twin,Unfathomable,pale-into-insignificance.png,
Taniwha – Evil Twin,Unfathomable,consul-primus.png,
Tomwa of the Glow – Evil Twin,Unfathomable,physaloha.png,
Wikolia – Evil Twin,Unfathomable,spoils-of-battle.png,
Drawn Down,Unfathomable,safe-or-sorry.png,
Dive Deep,Unfathomable,garcias-blaster.png,
Dark Discovery,Unfathomable,lupo-the-scarred.png,
Omnipus,Unfathomable,grondal.png,
Tentaclid,Unfathomable,physicus-felix.png,
Corrode,Unfathomable,ortannu-the-chained.png,
Cup of Water,Unfathomable,neffru.png,
Deep Priest Glebe,Unfathomable,red-planet-ray-gun.png,
Effigy of Melerukh,Unfathomable,sea-urchin--evil-twin.png,
Flash Freeze,Unfathomable,saurarium.png,
General Sherman,Unfathomable,key-to-dis.png,
Llack Gaboon,Unfathomable,blast-shielding.png,
Portalmonger,Unfathomable,cursed-relic.png,
Rustmiser,Unfathomable,dÃ¦moknight.png,
Taniwha,Unfathomable,dinothief.png,
Te-wheke Kraken,Unfathomable,snags-mirror.png,
Thalassophobia,Unfathomable,shortys-brew.png,
The Susurrus,Unfathomable,shard-of-hope.png,
Voice of Rakuzel,Unfathomable,talmage-steelheart.png,
Whirlpool,Unfathomable,finishing-blow.png,
Abandon Ship,Unfathomable,humble.png,
Abyssal Zealot,Unfathomable,shoulder-armor.png,
Echo Pearl,Unfathomable,scylla.png,
Fuguru,Unfathomable,securidroid.png,
Kaupe,Unfathomable,shadows-ambassador.png,
Kiri Giltspine,Unfathomable,transitory-philosopher.png,
Scyphos,Unfathomable,briar-grubbling.png,
Sleep with the Fishes,Unfathomable,insurance-policy.png,
Sparkfist,Unfathomable,mother-northelle.png,
Thundertow,Unfathomable,protectrix.png,
Tidal Wave,Unfathomable,rocketeer-tryska--evil-twin.png,
Brackish Shoreline,Unfathomable,mushroom-man.png,
Bryozoarch,Unfathomable,sample-collection.png,
Tomwa of the Glow,Unfathomable,tantadlin.png,
Under Pressure,Unfathomable,rothais-the-fierce.png,
Valoocanth,Unfathomable,pandemonium.png,
Extrematode Infection,Unfathomable,ch337a--evil-twin.png,
Wrath or Ruin,Unfathomable,shield-of-justice.png,
Giltspine School,Unfathomable,collector-boren.png,
Brain Drain,Unfathomable,keyforgery.png,
Hypoxia,Unfathomable,make-it-so.png,
Kiligog’s Trench,Unfathomable,lycoalien.png,
Call of the Void,Unfathomable,champion-tabris.png,
Offering to Kiligog,Unfathomable,shoulder-id.png,
Flamegill Enforcer,Unfathomable,doctor-driscoll.png,
Plunder,Unfathomable,blast-shielding.png,
Frigorific Rod,Unfathomable,mind-barb.png,
Primordial Vault,Unfathomable,snudge.png,
Giltspine Netcaster,Unfathomable,lycoalien.png,
Hookmaster,Unfathomable,tautau-vapors.png,
Horrid Synan,Unfathomable,hexpion.png,
Sibyl Waimare,Unfathomable,francus.png,
Mælstrom,Unfathomable,closeddoor-negotiation.png,
Sobogg’s Thingamabob,Unfathomable,the-corpulent-collector.png,
Photic Raider,Unfathomable,lycobot.png,
Tangaika,Unfathomable,tricerian-legionary.png,
Pour-tal,Unfathomable,b0t.png,
Rakuzel's Chant,Unfathomable,archimedes.png,
Seabringer Kekoa,Unfathomable,officers-blaster.png,
The Chosen One,Unfathomable,mega-alaka.png,
Sink or Swim,Unfathomable,bad-penny.png,
Weak Link,Unfathomable,imperator-drusilla.png,
Storm Surge,Unfathomable,bracchanalia.png,
Allusions of Grandeur,Unfathomable,lay-of-the-land.png,
Wikolia,Unfathomable,dodger.png,
Azure Basin Outpost,Unfathomable,the-shadow-council.png,
Catch and Release,Unfathomable,destructive-analysis.png,
Dragnet,Unfathomable,calv1n.png,
Kelping Hands,Unfathomable,ironyx-banner.png,
Physaloha,Unfathomable,pismire.png,
Soleft,Unfathomable,lilithal.png,
Stir-Crazy,Unfathomable,pitlord.png,
Timoti the Dammed,Unfathomable,phylyx-the-disintegrator.png,
Watch Your Step,Unfathomable,lcdr-trigon.png,
Yanthi Ghostfin,Unfathomable,quadracorder.png,
“Bubbles”,Unfathomable,shrewd-investor.png,
Abyssal Sight,Unfathomable,cooperative-hunting.png,
Adult Swim,Unfathomable,routine-job.png,
Befuddle,Unfathomable,lights-out.png,
Covetous Hema,Unfathomable,detention-coil.png,
Crushing Deep,Unfathomable,babbling-bibliophile.png,
Fathom Reaver,Unfathomable,custom-virus.png,
Initiation,Unfathomable,dÃ¦mosaurus.png,
Kamalani,Unfathomable,mega-cowfyne.png,
Kelpminder,Unfathomable,stir-up-trouble.png,
Skullback Crab,Unfathomable,crushing-charge.png,
Sunk Cost,Unfathomable,together.png,
Toxicuda Venom,Unfathomable,drumble.png,
Cultist,Unfathomable,first-officer-frane.png,
Flounderight,Unfathomable,collector-boren.png,
Fish,Unfathomable,pi-sweven.png,
Priest,Unfathomable,sinder.png,
Raider,Unfathomable,sinestra.png,
Memolith,,dominator-bauble.png,
Timequake,,staff-up.png,
Cooperative Hunting,Untamed,free-markets.png,
Dharna,Untamed,sow-salt.png,
Duskwitch,Untamed,blood-money.png,
Fanghouse,Untamed,eclectic-inquiry.png,
Full Moon,Untamed,fission-bloom.png,
Glimmer,Untamed,exile.png,
Grovekeeper,Untamed,experimental-therapy.png,
Key Charge,Untamed,timetraveller.png,
Knoxx,Untamed,cornicen-octavia.png,
Marmo Swarm,Untamed,redacted.png,
Regrowth,Untamed,customs-office.png,
Nocturnal Maneuver,Untamed,cowfynes-brew.png,
Save the Pack,Untamed,sir-bevor.png,
Song of Spring,Untamed,shard-of-knowledge.png,
They’re Everywhere!,Untamed,prof-garwynne--evil-twin.png,
Bumblebird,Untamed,hapsis.png,
Vigor,Untamed,cutthroat-research.png,
Chota Hazri,Untamed,sporegorger--evil-twin.png,
Flaxia,Untamed,dark-queen-gloriana.png,
Fogbank,Untamed,diametric-charge.png,
Bear Flute,Untamed,detention-coil.png,
Grasping Vines,Untamed,mushroom-with-a-view.png,
Lifeweb,Untamed,cxo-taber.png,
Mimicry,Untamed,saurian-plant.png,
Nature’s Call,Untamed,freebooter-faye--evil-twin.png,
Nepenthe Seed,Untamed,quant.png,
Ancient Bear,Untamed,ancient-yurk.png,
Bigtwig,Untamed,hidden-stash.png,
Briar Grubbling,Untamed,mind-bullets.png,
Soldiers to Flowers,Untamed,mega-groke.png,
Dew Faerie,Untamed,mega-gron-ninetoes.png,
Way of the Porcupine,Untamed,ogopogo.png,
Curiosity,Untamed,the-grand-gord.png,
Dust Pixie,Untamed,monty-bank.png,
Bramble Lynx,Untamed,maleficorn.png,
Fuzzy Gruen,Untamed,biomatrix-backup.png,
Cauldron Boil,Untamed,the-harder-they-come.png,
Giant Sloth,Untamed,nerve-blast.png,
Heart of the Forest,Untamed,camaraderie.png,
Deepwood Druid,Untamed,ortannus-binding.png,
Halacor,Untamed,hadron-collision.png,
Ghosthawk,Untamed,camaraderie.png,
Inka the Spider,Untamed,flamegill-enforcer--evil-twin.png,
Harmonia,Untamed,dark-wave.png,
Kindrith Longshot,Untamed,glyxl-proliferator.png,
Imprinted Murmook,Untamed,extrematode-infection.png,
Lupo the Scarred,Untamed,haedroths-wall.png,
Snufflegator,Untamed,pile-of-skulls.png,
Mighty Tiger,Untamed,shadowsaurus.png,
Perilous Wild,Untamed,transporter-platform.png,
Molephin,Untamed,explorer.png,
Murmook,Untamed,ch337a--evil-twin.png,
Musthic Murmook,Untamed,into-the-fray.png,
Piranha Monkeys,Untamed,mother.png,
Cephaloist,Untamed,seeker-needle.png,
Dæmo-Beast,Untamed,data-forge.png,
Rustgnawer,Untamed,maruck-the-marked.png,
Quicksand,Untamed,lollop-the-titanic.png,
Song of the Wild,Untamed,sir-marrows.png,
Dark Faerie,Untamed,animator.png,
Fandangle,Untamed,reassembling-automaton.png,
Tantadlin,Untamed,rocketeer-tryska.png,
Shard of Life,Untamed,doom-sigil.png,
Unnatural Selection,Untamed,fuguru.png,
Hunting Witch,Untamed,redhand-registry.png,
Teliga,Untamed,chancellor-dexterus.png,
The Common Cold,Untamed,taniwha--evil-twin.png,
Unsuspecting Prey,Untamed,taxing-journey.png,
Gloriana's Attendant,Untamed,legionary-trainer.png,
Witch of the Eye,Untamed,prescriptive-grammarbot.png,
Æmberfin Shark – Evil Twin,Untamed,seabringer-kekoa.png,
Chelonia – Evil Twin,Untamed,qmechs.png,
Witch of the Wilds,Untamed,hunter-or-hunted.png,
Camouflage,Untamed,hayden-oswin.png,
Way of the Bear,Untamed,groupthink-tank.png,
Lost in the Woods,Untamed,away-team.png,
Fangtooth Cavern,Untamed,siren-horn.png,
Mookling – Evil Twin,Untamed,pandulf-the-provoker.png,
Way of the Wolf,Untamed,the-old-tinker.png,
Niffle Ape,Untamed,lightsmith-clariel--evil-twin.png,
Ol' Paddy – Evil Twin,Untamed,full-moon.png,
Pismire,Untamed,mass-buyout.png,
Sporegorger – Evil Twin,Untamed,doorstep-to-heaven.png,
Rapid Evolution,Untamed,forum-of-giants.png,
Witch of the Dawn – Evil Twin,Untamed,golden-aura.png,
Reclaimed by Nature,Untamed,stirring-grave.png,
Youngest Bear – Evil Twin,Untamed,think-twice.png,
Resurgence,Untamed,kindrith-longshot.png,
Chenille,Untamed,shÄ­gzisÅ-buggy.png,
Savage Clash,Untamed,badgemagus.png,
Bombyx,Untamed,banner-of-battle.png,
Fifalde,Untamed,bulwark.png,
Mab the Mad,Untamed,brikk-nastee.png,
Æmberfin Shark,Untamed,optio-gorkus.png,
Æmberspine Mongrel,Untamed,sergeant-zakiel.png,
Blossom Drake,Untamed,bloodshard-imp.png,
Commune,Untamed,blast-from-the-past.png,
Chonkers,Untamed,bo-nithing.png,
Creed of Nature,Untamed,anger.png,
Dark Harbinger,Untamed,ankylo-formation.png,
"Panpaca, Anga",Untamed,the-spirits-way.png,
Dredging Druid,Untamed,together.png,
"Panpaca, Jaga",Untamed,space-invaders.png,
The Feathered Shaman,Untamed,technobabble.png,
Low Dawn,Untamed,trickledown-theory.png,
Wild Spirit,Untamed,subject-kirby.png,
Lumilu,Untamed,technoknight.png,
Creed of Nurture,Untamed,selective-preservation.png,
Mushroom with a View,Untamed,soboggs-thingamabob.png,
Niffle Grounds,Untamed,plasma-nozzle.png,
Pestergrove,Untamed,shÄ­snyasÄ­-buggy.png,
Niffle Queen,Untamed,ol-paddy--evil-twin.png,
Primal Relic,Untamed,knuckles-bolton.png,
Trimble,Untamed,pip-pip.png,
Punctuated Equilibrium,Untamed,gold-key-imp.png,
Troop Call,Untamed,numquid-the-fair.png,
Giant Gnawbill,Untamed,soldiers-to-flowers.png,
Gravid Cycle,Untamed,shard-of-life.png,
Vault’s Blessing,Untamed,the-quiet-anvil.png,
Ritual of Life,Untamed,the-evil-eye.png,
Stampede,Untamed,exploratory-craft.png,
Wild Bounty,Untamed,malison.png,
The Mysticeti,Untamed,trimble.png,
Moor Wolf,Untamed,teliga.png,
Washed Away,Untamed,teamwork.png,
Æmberlution,Untamed,technoalien.png,
Nepeta Gigantica,Untamed,the-terror.png,
Word of Returning,Untamed,the-ulfberht-device.png,
World Tree,Untamed,flamewreathed.png,
Æmbermancy,Untamed,ch337a.png,
Dark Queen Gloriana,Untamed,skippy-timehog.png,
Beach Day,Untamed,camouflage.png,
Earthbind,Untamed,gorm-of-omm.png,
Eldest Bear,Untamed,treasure-map.png,
Cross Porpoises,Untamed,explorover.png,
Eunoia,Untamed,challe-the-safeguard.png,
Roxador,Untamed,invasion-portal.png,
Fertility Chant,Untamed,mothership-support.png,
Look What I Found!,Untamed,psionic-officer-lang.png,
Vineapple Tree,Untamed,tide-warp.png,
Gebuk,Untamed,redhot-armor.png,
Genetic Drift,Untamed,spangler-box.png,
"Mercy, Malkin Queen",Untamed,ostracize.png,
Growth Surge,Untamed,blorb-hive.png,
Po’s Pixies,Untamed,triumph.png,
Xenos Bloodshadow,Untamed,temporal-purge.png,
Toad,Untamed,chans-blaster.png,
Instrument of Silence,Untamed,hallowed-shield.png,
Kangaphant,Untamed,hammergram.png,
Ritual of the Hunt,Untamed,grand-alliance-council.png,
Mushroom Man,Untamed,garcias-blaster.png,
Scout,Untamed,giltspine-netcaster.png,
Ol' Paddy,Untamed,gambling-den.png,
Ritual of Balance,Untamed,hard-simpson--evil-twin.png,
Sporegorger,Untamed,quixxle-stone.png,
Thin the Herd,Untamed,qyxxlyx-plague-master.png,
Waste Not,Untamed,rad-penny.png,
All Tide Up,Untamed,radiant-truth.png,
Mutation of Cunning,Untamed,explorover.png,
Assert Dominance,Untamed,rogue-operation.png,
Mutation of Fury,Untamed,eureka.png,
Mutation of Instinct,Untamed,ironyx-propaganda.png,
Chelonia,Untamed,gargantes-scrapper.png,
Deepwater Gruen,Untamed,growth-surge.png,
Dino-Beast,Untamed,grand-melee.png,
Floomf,Untamed,hapless-cadet.png,
Infighting,Untamed,firespitter.png,
Sacro-Beast,Untamed,grasping-vines.png,
Keyfrog,Untamed,captain-kresage--evil-twin.png,
Techno-Beast,Untamed,regrettable-meteor.png,
Mollymawk,Untamed,tertiate.png,
Umbra-Beast,Untamed,techivore-pulpate.png,
Mookling,Untamed,imperial-forge.png,
Xeno-Beast,Untamed,seeker-of-truth.png,
Myliobe,Untamed,the-sting.png,
Niffle Kong,Untamed,the-ulfberht-device.png,
Persistence Hunting,Untamed,tewheke-kraken.png,
Reap or Sow,Untamed,save-the-pack.png,
The Fittest,Untamed,crushing-deep.png,
Way of the Pixie,Untamed,muster.png,
Witch of the Dawn,Untamed,sparkfist.png,
Youngest Bear,Untamed,guard-disguise.png,
Near-Future Lens,,jackie-tar.png,
